names,category
ymguns,Fy
xhvcdk,Fy
vdnszo,Ot
vbcnxs,Ot
wcdduo,Ot
pdwemb,Fy
yszeiw,Fy
bvajrk,Ot
dmegbi,Fy
qecans,Ot
bkdump,Fr
mxsbvk,Fr
auvqyl,Ot
bankga,Ot
wohroe,Fr
cucrrd,Fy
sweqan,Ot
zlviyy,Fr
dmkilr,Ot
ajdckg,Fr
dtayif,Ot
mdwvqq,Fr
uuvwyy,Ot
fhjtcx,Ot
cxeshj,St
zssiym,Fr
mxviru,Ot
yuadlb,Fr
dusmck,Fr
konikg,Fr
cfdoll,Fy
fcdckk,St
buomoo,Fy
kmannq,Fy
slbvlc,Fr
ukqjwb,Fy
mebihs,Fy
gsgsvp,Fy
wsgnmo,Sp
ttvxun,Fy
ndcqhi,Fr
pvfeah,Fr
ydrctd,Fr
yazrqg,St
rpyrds,Ot
bflrwk,Ot
tlygqr,Fr
yvaufl,St
xifsxz,Ot
fznohb,Ot
vuelng,Fy
iobxwg,Fr
aznmuo,Ot
ifzpto,Ot
wrdfyk,Fr
wnscws,Ot
oknhfk,Ot
rmtqmr,Fr
wsrmuw,Fy
ttlzka,Fy
ffkubp,Fy
tzhaiw,St
nrogcd,Fr
pxrnew,Ot
sckqly,Ot
xpdjzb,Ot
etaliw,Fy
nvarsr,Fy
uidvrw,Ot
qubjki,Ot
lxbjcf,St
blvhow,Fr
yroaqf,Fr
uqozlu,Fr
arpnyy,Ot
ioosmx,Fy
gdnzbu,Ot
idiwli,Sp
fwfnlt,Ot
kaflua,Fy
ynpcwh,Fr
oeqlxn,Fy
fdacjp,Ot
ocdheh,Fy
qhvohk,Ot
yhwbwe,Ot
zumwsx,Fr
gbzpja,Fr
rrfssb,Ot
vyfqvy,Fr
jpmmsu,Fy
kcrzaa,Ot
hxkogw,Sp
zeqcdw,Fr
zwfhup,Fy
sdyahf,Ot
ttkcyn,Fr
bqnbfy,Fy
xncfhi,Fy
clqqze,Ot
bxljsm,Ot
jveaqc,Fr
psfdex,Ot
fzasol,Fr
mvashb,Ot
xuvwbm,Fy
aowkwp,Ot
rnfvwj,Ot
uqfafq,Ot
mluszn,Fy
kpqqlx,Ot
ugzmez,Ot
ultrcv,Fr
yxlmzw,Ot
sscagg,St
mgazxt,Ot
cbqivw,Fr
rmxpvi,Fr
knnbpl,Fy
vwbtvv,Ot
tzjmwt,Ot
hiwowm,Ot
ietmor,Ot
iqnfci,Ot
hcuqrk,Ht
gvjfna,Fr
llrluw,Ot
rjyilf,Fr
ycqgxi,Fy
jeqsei,Fr
ienfzg,Ot
uidjzi,Fy
wjvwzu,Ot
xwvtnz,Ot
mfzteq,Fr
vyljfu,Ot
vhveij,Fr
qntsvn,Sp
hwbepq,Fr
oesipx,Ot
qbgcob,Fy
wxblbt,Ot
inmocv,Fr
nehpta,Ot
icjkjc,Ot
yfexpx,Fr
dstoub,Ot
tzksaq,Fy
tessuh,Fy
bgyntu,Fr
tfcyvy,Fy
sdojpm,Ot
mgoyyc,Ot
ghcqaq,Ot
gufftg,Fr
tskowi,Fr
wzlgac,Fy
mjqzzo,Fr
cwkxnr,Fy
bnokxa,Fr
clfngw,Fr
kkvbml,Sp
duejjq,Fy
ypfrxh,Fy
dlggye,Ot
zvpyea,Ot
tilllw,Fr
leavfd,Fy
aucsqk,Fr
pnfcxf,Fr
xslexi,Ot
csjipx,Fr
bfvnni,Fr
sjgacj,Ot
uasuvn,St
gddxbs,Fr
wrcbec,Fr
kpejil,Ot
qtbsmx,Fr
qeibvs,Ot
jvcprq,Fy
xrjxer,Fr
aaizhd,Fy
vvzuxv,Fr
swuswx,Fr
ctpofq,Fy
lqwkzd,Fy
ldbthh,St
piewgk,Ot
ywizlv,Ot
fihcwy,Ot
kmmubg,Ot
qekajc,Fy
zehvwp,Fr
vhvafz,Fy
iqfwkq,Fr
yfezja,Fr
scnybm,Fr
zljoak,Ot
eeqedm,Ot
hnwdmx,St
guboug,Ot
nxrbck,Fr
ioaakl,Ot
ayztjt,Ot
zluysq,Fy
zmosod,Fr
aszddg,Ot
eazrom,Ot
iaosun,Fr
alszmy,Fr
jkcmnd,Ot
xurcch,Fy
qohgeu,Ot
fprjri,Fy
busmaj,Fy
mnpflf,Fr
gnqpqr,Fy
uydbwi,Ot
faslwg,Fr
kjgoky,Fy
zoezvo,Ot
gtboba,Fr
bqkbio,Ot
ozrqvc,Fy
qyziwn,Ot
agenrx,Fy
vwmszu,Ot
rzhjlc,Fr
wdzits,Fy
rpfpqs,Fr
sxdtbz,Ot
qqpfaj,Fr
tqdzqe,St
ovvggi,Fy
jwjzkj,Fr
omvslt,Ot
nlzvxz,Fy
bkvyeg,Sp
pcftgx,Ot
rdthfb,Ot
kausgc,Fr
tzoyfb,Ot
rhndbp,Ot
tvxvhj,St
avelqn,Fr
smuvzx,Ot
uuevha,Fr
ftmizy,Fr
adchcx,Fy
nrbshc,Fy
gyudiw,Ot
byafmg,Fy
mgypte,Fy
foqhyk,Fr
gzrvss,Fy
qhqjgm,Fy
tkvljx,Fy
okutzn,Ot
bfvrnh,Fr
zoaozw,Fr
lwkcsw,Fy
neejge,Fy
zapvki,Fy
noktzl,Ht
uwbeai,Ot
xsyhkc,Ot
wbncyx,Fy
pnifrj,Sp
lszubg,Fy
wvoyqw,Ot
xfzrxz,Fy
stbjht,Fy
lfwcfw,Fr
txwbxf,Fr
vikhox,Fy
dprwoy,Fr
jsgqmk,Ot
nraugq,Fr
yjtixk,Ot
ynysuz,Fy
jfpjok,Fr
ioarkx,Fy
pvcxiq,Ot
jmixct,Fr
evjjvk,Ot
fauwvj,Ot
fitemr,Fy
oknetc,Ot
vsrwtk,Fy
yyxfgg,Ot
criuvy,Fy
bnihlh,Ot
gomsbp,Fr
blwxqc,Fr
rhmctq,Fr
irbssq,Fy
xepfii,Fy
rhidoz,Ot
rvxuwr,Ot
qjbpxt,Ot
wohvsx,Fr
dpumul,Fy
uhjjmx,Fr
zwuwfm,Fr
wulolx,Ot
oteauy,Ot
lvznuh,Fy
horuwc,Fr
qcyksx,Fr
htpmcy,Ot
dwmwss,Fr
wasmiq,Fy
wtktaw,Ot
fhdsmh,Fy
yjfgwt,Fy
nqrbsn,Fr
ushpbu,Fy
njldde,Fr
pttdpe,Fy
trkuer,Ot
txfatz,Ot
mwixyi,Ot
qtjnsg,Ot
dyccou,Ot
pubomx,Fy
suufcx,Fr
wndnqj,St
ucynph,Fr
ibadxs,Fy
dcfibk,Fy
oxprfe,Fy
feepvh,Fy
vyhdnk,Ot
ocbrrm,Ht
hntfmk,Fy
avwknr,Fr
qvgnbk,Fr
cjlwpw,Fy
rxlhcf,Ot
dtfxrd,Fr
ilefhd,Fy
wivoii,Ot
cdafot,Sp
etdvid,St
uekodh,Fr
slldsx,Ot
loszxb,Fy
ybjzer,Ot
gpxjzl,Fy
jdauau,Ot
fugwwm,Sp
koupkh,Fr
rxdktw,Sp
gbgwwv,Fr
nucbeb,Fy
qbwbfh,Ot
cckduj,Ot
yqulmu,Fr
mjdhej,Ht
tfpzjz,Ot
nrkmqo,Fr
ibzwid,Ot
gruapg,Fr
kcncfy,Fy
ghahyf,St
ftpokr,Fr
dlqoxu,St
rsvfym,Fy
bptsxv,Fr
kwopsx,Fy
ksassa,Ot
kajmvb,Ot
virjzu,Ot
peopwf,Fy
vzbzsl,Ot
dkjhyg,Fy
sozrtn,Fr
qmxdmd,Ot
knmzou,Fr
oljavh,St
aaslif,Fy
igoohr,Fy
dpnaqv,Fr
gsulif,Ot
tfapmb,Ot
swbnsc,Ot
mwzynt,Fr
wnzqdq,Ot
ysapcm,Fy
qnjhrt,Ot
zmopnl,Fr
nwlghk,Sp
jiqcza,Fr
urfwdb,Fr
thhtya,Fy
vfdhee,Ot
pezvxi,Ot
kesttt,Fr
idxzut,St
qfkfcd,Fr
kfkjfi,Ot
cjntdj,Fr
iiyfvh,Ot
xwnatb,Fy
oziljz,Ot
jbzzux,Ot
kuihyz,Fr
gvhobn,Fy
xpspuj,Ot
cghssr,Fr
vobeqz,Ot
kthbpf,Fy
idyudt,Ot
nuwrbo,Fr
cvkhiw,Fy
rheiwf,Ot
gbvnwv,Ot
vmqobm,Fr
xrhlkd,Fr
yuaypx,Fy
kijyge,Fr
ililcd,Ot
eitnyo,St
wcyykz,Fy
bbymww,Ot
cynvyi,Fy
lucqpz,Ot
sojacq,Fy
ceaykh,Fr
ujmuef,Sp
vjtmqw,Fy
opvqwa,Fy
tmkmqa,Fy
nlpgmb,Ot
dhiuhj,Fy
ojsxac,Fy
ltdttc,Fy
aixydu,Ot
gchzvc,Ot
qoikkn,Ot
pbsxlq,Fr
ycuhqp,Fr
ajywab,Fy
pckdwt,Fy
vlttxj,Ot
wrwdum,Fy
hhtpjn,Fr
cblfjg,Fy
oycokb,Ot
cnildw,Fr
dpotgj,Ot
kzugwa,Fy
vsravr,Ot
ailacu,Ot
itzonm,Ot
oqekwj,Fr
oswtch,Ot
gpnjhp,Fy
tuzday,Fy
fcdlil,Fy
frtwxv,Fr
oanouu,Ot
puiayi,Ot
ewdnio,St
ylpkxm,Ot
gwbzvj,Fy
jxiavg,Fy
mgoxve,Fr
kmrbrr,Fy
cxkdhq,Ot
plazke,Fy
stoadl,Fy
udazod,Ot
zsuurk,Fr
rbdloz,Fr
usjrvr,Ot
gkygde,Ot
frdhzu,Fr
cxysuz,Ot
ytsxuc,Ot
jsmszr,Fr
mcdevq,Fy
shmeuq,Ht
wmefxa,Fr
vllqxh,Fy
sejghp,Fy
sgmqhy,Fy
drzgwq,Fy
kpmidj,Fy
usdqhs,Fy
uildmh,Fr
ryoymb,Ot
lnbhxg,Ot
boglol,Fr
cfkgmr,Ot
yfqlco,Ot
fdnirs,Ot
grkirl,Fr
gvmmlr,Ot
nezfrf,Ot
yktwlr,Fy
auzado,Fr
aczmjn,Ot
rdgqdv,St
cdgljy,Sp
jirldq,Fy
nqimyx,Fr
midrxh,Fy
lvcodg,Ot
vbvhmk,Fr
vsbuaj,Fr
qphcon,Ot
oyehlc,Ot
sqyhea,Fy
sfefno,Fr
yyeczj,Ot
wskipg,Fr
hfevsq,Sp
lepgvi,Ht
fvwyma,Ot
pcfcda,Ot
tzzuda,Fy
fxvvmx,Ot
ivsdgq,St
qdrdjb,Ot
imurpl,Fr
vpwgez,Ot
rqkjlc,Ot
wyzvyr,Ot
titqxy,Ot
jksubq,Fr
fvamdt,Ot
cqkiab,Ot
lzthbn,Ot
rfmsgi,Fr
hdwwtq,Fy
exfytn,Fr
bcgqqs,Fr
nysado,Ot
vsvgod,Fy
mwjrhn,Fr
yewfed,Ot
mobjgw,Fy
oxlnjy,Fr
ipgano,Fy
sdpczt,Ot
rvnnyv,Fy
zvtjcz,Ot
gtjumz,St
soduxn,Sp
htknqm,Fr
yyggnq,Ot
tnmnam,Fy
lcmtgb,Fr
qhbbns,Ot
bfvqeo,Fr
qpilun,Ot
qoxgau,Ot
txhvhg,Fr
ctulef,Fy
hfieie,Fr
pbuaza,Ot
nicrkr,Ot
ubjbcb,Fr
tziypl,Fy
mwdmxr,Fy
mxavpm,Ot
sovump,Ot
uawhtc,Ot
taunru,Fy
tfampx,Fr
qknswd,Ot
vjoajd,Fy
nffhgs,Fr
ivlpud,Fr
kfznus,Fr
ydfdhn,Ot
yteoub,Fr
urdlnw,Ot
pwumvu,Ot
ziqzqk,Fr
mgnoqm,Fy
tctdfq,Fr
khpqxu,Fy
gxjqzk,Ht
wjvprr,Fr
gokirp,Fr
qrtjye,Fr
udzdjl,Ot
odarbu,Fr
lmsuig,Fy
vzjbzs,Fr
nyyomr,Fy
xrbzte,Fr
ncanit,St
kprmyd,Ot
nuuebu,Fr
glupcx,Fy
mmuyys,Fr
uovqtn,Fy
rahrhi,Fy
xqdbfo,Fr
ttatyp,Fy
jytxbm,Fy
pqqaxp,Ot
prxdad,Fr
emabye,Ot
gafeyl,St
shvkxx,Ot
tjhmwm,St
mqjeit,Ot
vwyajf,Fy
rhhjpr,Ot
bsoiiu,Ot
dcrnsa,Fr
idgbhj,Fy
ftskta,Fr
nnsndd,Fr
hpmhcb,Ot
dcpyaj,Ot
yjxhnk,Ot
gqmzuo,Ot
hjdbsm,Fy
ipxief,Ot
saoges,Ot
egerbz,Sp
zobull,Fr
klhzqv,Ot
uxehnk,Ot
iuxzlc,Fy
ydejmx,Ot
itmowz,Ot
ypkqkh,Ot
yampbi,Fy
mihthy,Fy
uwxhto,Ot
cnxyrf,Ot
velpos,Ot
ldcofx,Ot
lvuupt,Ot
oapbyl,Fr
haiahf,Ot
cgyjti,Ot
obmndb,Fr
ykqozs,Fy
jaylhp,Fr
edgfax,Fy
xlsmgi,Fy
lkabom,Fr
liiewg,Fy
ytpahu,Fr
izxcpm,Ot
gkuavn,Ot
jqinjc,Ot
llklmx,Ot
tlomhn,Ht
puyxyl,Fr
zakkiv,Ot
oziwig,Ot
scwcbe,Fr
bwpfwa,Fy
vpypoa,Ot
uncomh,Ot
lttbxi,Fy
ujuynr,Ot
hmmqwd,Fr
fzvwvs,Fr
rjqora,Fy
ueovtl,Sp
shhwew,Fy
lgldmg,Fr
ywpvry,Ot
raaonq,Ot
kvxymr,Fy
akurai,Fr
ypjkgk,Fy
hcfwsl,Fr
tcwrgw,Fy
qafimw,Fy
pkudgn,Fr
cwkjfo,Fy
ygrlup,Ht
qqttml,Fr
fvkbzi,Fr
ilwadr,Fr
efavvd,Fr
nyrgvl,Ot
ozjazc,Ot
swmtsq,Fy
kjubop,Fy
zhmblt,Ot
ntxanl,Ot
guxcqy,Fy
pehuxp,Fy
jmvzge,Fy
naflzm,Ot
tzjmhq,Ot
lpafum,Ot
wdizkz,Ht
myvkaa,Fr
rxjlqh,Ot
ztxpiz,Fy
sizouz,Ht
gcbtqn,Fy
ikbqrl,Fr
kwrtkw,Ot
gunoxb,Fr
hysmbn,Fr
crpiac,Ot
ahavgf,Fr
szxpft,Fr
izxvnn,Ot
kafzre,Fy
shqpqm,Ot
hiijdl,Fr
xhmeks,Fy
nnwikx,Fy
gymibc,Fr
bzmpzx,Fy
hqvhkb,Ot
gqhlxf,Fr
cceifo,Ot
jwkgsq,Ot
ruizdb,St
ozvfog,Ot
ttggwb,Fr
ddvgpx,Ot
vbyjzs,Ot
tjjmkn,Fr
flfpqb,Ot
sonhou,Ot
pcywop,Ot
caopck,Fr
uomiko,Fr
henmcs,Fr
mypynb,Fr
jagmcq,Fr
vugvmz,Fr
eqfdoj,Fy
gxptfo,Ot
xkvkyg,Fr
jrsxqe,Fy
hqwowa,Fy
esxmjx,Ot
toyvbs,Fy
jwcyou,Ot
yecqkq,Fy
khysru,Fr
ptrpin,Fr
mocyhp,Fr
gskhue,Ot
bcmkzx,Ot
qdfswa,Fr
tsmwvd,Ot
crdbpl,Ot
tdnihp,Fy
vvehgi,Ot
izyqrd,Fy
eerccl,Ot
inttgw,Fy
tagfrc,Ot
gmsjnw,Fy
odaaiy,Fr
kathof,Ot
oqowzd,Ot
wbuvuu,Sp
sjcabj,Fr
cdgwub,Ot
zuydra,Ot
xalruo,Fr
dokfot,Ht
wbyxpe,Ot
olajlo,Fr
tnysoy,Fy
tjgssv,Fr
koqvaf,Fy
roxzgb,Fr
hhbtyl,Fy
lzajla,Fr
xrbrfz,Ot
qkhyjm,Fy
icgrpt,Fy
roswer,Ot
zzxjmm,Fy
nukfxj,Ot
anngei,Ot
mlzhqh,Ot
pjxpsw,Fy
bhqhjr,Ot
oeylpu,Fy
iqxgxh,Ot
izbuds,Ot
tlygmm,Ot
qpqdlg,St
lkenfc,Ot
ryrhsp,Fr
qekleo,Fr
vicnmu,Fy
ikemsm,Fr
mkqytg,Fr
egceof,Fr
qopqso,Ot
rlceut,Ot
vmhdbp,Ot
xwjjnp,Ot
ikwocg,Ht
dyupgc,Fr
jphqtu,Fy
vsqgxq,Ot
ffpati,Fy
phtabb,Ot
ssithe,Ot
nptvdp,Ot
iwmtfc,Fy
bqtxkl,Ot
ykozas,Fr
xgdhnv,Fy
mcfvii,Ot
mwgqtx,Fy
iohsza,Fr
hiumah,Ot
odhmxc,Ot
tvxlpb,Ot
ntkyfw,Ht
uzcqit,Ot
elhrsq,Ot
uzkdjl,Fy
whgrui,Fr
wecqsx,Fr
cmuvvj,Fr
tssccg,Fr
pfyhql,Fy
mhkqqb,Fr
scyjlt,Fy
hsflzr,Fr
yqcppj,Fr
sjouop,Ot
ysgjfk,Ot
hgjkth,Fr
apuiht,Ot
lvwjfg,Fy
hrloje,Fr
jnzhty,Fr
qrkvnr,Fr
ckkxkl,Fr
xerijh,Fr
elxyrp,Fr
lsmqfg,Fr
zykkfg,Fy
fftkcr,Ot
qveqqt,Fr
ycjmhl,Fr
ulboif,Ot
dniwfp,Fr
olnuao,Fy
xssewz,Fy
lxfesx,Ot
jrdwun,Ot
phetnp,Sp
bwcyxo,Fy
ujhruj,Fr
mgudgi,Ot
eloyfc,Fr
skvyck,St
yryrfi,Ot
avrklg,Fy
kzmroz,Ot
eadxwb,Ot
ipywml,Fy
bqbmxt,Fy
vxbfuo,Fy
vilfjc,Fr
tidxat,Ot
ytqikc,Ot
ttgrdr,Ot
reeqcv,Ot
jkrqwf,St
wmzaad,Fr
fmwfkl,Fr
risadq,Fr
cxgcbl,Fr
llsbwf,Ot
qduabu,Fr
qusyzd,Fy
jsvfmq,Fr
ycvyad,St
qehjky,Ot
rgrdiw,Ot
irmkbq,Fr
aojbcc,Ot
xhlsdg,Ot
aydwfj,Ot
xhjcdo,St
cxykln,Fy
sbvdii,Fr
azkshn,Fy
bpkiql,Fy
ovgrxt,Ot
dbvlve,Fy
zesifh,Ot
fztjns,Fr
lvjvee,Ot
uvudlb,Fr
lrxfkm,Ot
ohgxvs,Ot
jzfpxf,Fy
kwsbao,Ot
nddkiz,Sp
hurqqi,Ot
ynfehk,Ot
grmwmn,Fr
cihflr,Fr
obnidp,Fy
mcdoly,Fr
kzotuj,St
tjfolg,Fr
jghccn,Ot
qlrpnh,Fy
aohvyb,Ot
tfwtah,Fr
apdypn,Fr
fulzyo,Ot
jejcwb,Sp
psqmtw,Fy
zjlkbr,Ot
tsflyu,Fy
wewqad,Fr
xuhrfo,Ot
rikhyw,Fr
oqqqic,Fr
nrzhgd,Fr
fnmwbh,Fr
tcyokg,Ht
xxcdos,Fr
dntixn,Ht
zsafxy,Fy
ochjji,Ot
qutsis,Fr
pflaam,Fy
tnwwjs,Ot
tolyxe,Ot
uyvhke,Fr
vtcxxb,St
hyxesi,Fr
pldzpa,Fy
wdtmoz,Fr
csxzph,Ot
jqvjqx,Fr
wrctvj,Fy
vqrbpi,Fr
dqjypn,Fy
izcami,Fy
eqtjgm,Fy
xsluov,Fr
mebcww,Ot
nvqbir,Fr
ynxfft,Fy
tvhuai,Fr
hsrvzy,Fr
ybxrdq,Fr
yktbwy,Ot
cvnhfy,Fr
asmjoc,Ot
ayjgvs,Ht
hgqrwr,Fr
xaxypn,Fr
vyadnl,Fr
rdlijw,Fr
rnuvbv,Fy
ffrypg,Fy
qkbnsr,Fy
tsibfo,Fy
zwcwoo,Fy
gwkicf,Fr
gbojbk,Ht
evlneb,Fy
xmuuah,Fr
jhkdgp,St
hgdddn,Fy
dgjzjl,Fr
idnusb,Ot
xvibue,Ot
dgksxn,Fr
udypre,Fr
meiitl,Fr
hqxygu,Fr
vqkuda,Ot
nrpqfh,Fy
dmulci,Fr
ylpnul,Ot
oykssf,Fy
qbygsw,Ot
pzauok,Ot
ofyqel,Fr
usxidk,Ot
jwpiqz,Ot
byhelt,Ht
uhklie,Fy
ufyefo,Fy
vorhvn,Ot
nemrir,Fr
uwmgte,Ht
encwuy,Fr
awsita,Fr
riourb,Fr
ytbxnc,Fr
qshlwv,Fy
qewhfr,Fy
ygezaz,Fy
zftlws,Ot
yqmfkn,Fr
ftetal,Ot
ghebzo,Fy
gphegg,Fy
xrbttq,Ot
zxkaho,Fr
jddyav,Fr
cjufsj,Ot
osgsoa,Ot
yejzkw,Fr
yqnhpl,Fr
ezymgz,Ot
frptep,Sp
fzierc,Ot
zskzzu,Fr
mfqvdo,Fy
omgiam,Ot
jheodn,Sp
hfuxng,Fr
xlmmgn,Fr
tetpdf,Fy
todcyn,Fy
kldjca,Fy
rjaxtr,Ot
vecwkw,Fr
sxzkxi,Fy
urbdgd,Fr
qfucah,Fr
ievlcj,Ot
jitzch,Fr
knzqqk,Ot
lvevyw,Ot
gczvjo,Fr
nsdtoc,Fy
lcqglb,Ot
qepnhe,Fr
okmqdt,Fy
oemmsv,Fy
zzqywe,Fr
hcthrd,Fy
vooinw,Fy
eslbkx,Ot
udtkaf,Ot
caqguc,Ot
ttxdov,Fr
yhmznt,Fy
hwnfbd,Fr
tkmtko,Fr
knngme,Ot
ibbqns,Fy
jebfhw,Fr
ivppzx,Fy
eoinke,Ot
knxurj,Ot
naxaxa,Fr
vongxx,Fr
tiymbx,Fy
futmuv,Fy
frhqaw,Fr
grixaj,Fy
qaktem,Ot
xmybwe,Fy
kyhyxo,Ot
gsmfkg,Ot
jheneh,Ot
ybxjwb,Fy
hyszwr,Sp
tuzksn,Fr
ipiixu,Fr
sezpbo,Fr
jpmwxs,Ot
rlhhgx,Fy
otggoo,Ot
rtfchw,Ot
wccabn,Fr
ucwiwy,Ot
sybiem,Fr
odsipu,Ot
ktypmj,Fr
mgspax,Fr
lmlalw,Ot
jdxuxb,Fr
pkelcl,Fy
bizquc,Fr
rmuvot,Fr
dyrifj,Fr
pmigfl,Ht
apesfu,Fy
rvnhan,Ot
gdireg,Ot
mjxepz,Fy
skrnez,Ot
euclde,Ot
xtxkab,Fr
uufyof,Fy
zpwlsy,St
pfufzv,Ot
ralvpa,Ot
klqkej,Fr
bgctxb,Fy
ojdtfy,Fr
oluzvu,Fr
nexmhn,Fr
zecbmp,Fy
bgnrlo,Fr
tixxst,Fr
paseej,Fy
mdqrre,Fr
gfinmv,Fy
etvitg,Fr
pkkwks,Fy
lhclhm,Ot
nohkpb,Fr
dmsjqc,Ot
trhaxo,Ot
pucvnx,Ot
lzjamg,Ot
jgpzmj,Fy
gokkgm,Fy
gavgbb,Fy
llljjh,Fy
rtyrpa,Fr
hclnwj,Ot
ahkvok,Fy
vnweki,Fy
crmwuf,Fy
zajrjw,Ot
ffvuho,Fr
fdqfpo,Fr
pxmzpd,Fr
zhduye,Ot
tuglhh,Ot
yrkjhv,Ot
dyoerc,Fr
olkomv,Fy
crslup,St
xcfanr,Fy
vtlfyc,Ot
sbivhq,Sp
kezlnl,Fr
qkxmqf,Fy
ktvqaj,Ot
rbmwbn,Ot
vtzrez,Fr
hjdjbq,Fy
pumpqu,Fr
wvslrh,Fy
lyzmsp,Fy
zpexux,Fy
mjctzs,Ot
lmulbu,Sp
uxbfha,Ot
mshkvu,Fr
wlawig,Ot
msodpi,Ot
hudruv,Fy
vhwtap,Fr
ujhzoy,St
dyxfpn,Fy
vazlxj,Fy
ytfsnc,Fy
gjdjpv,Ot
xuomka,Ot
jpcbsu,Ot
wjiskx,Ot
kidbut,Ot
foczbi,Fr
aczowl,Fr
xzxnci,Ot
fpawit,Ot
tniyzc,Fr
voohyq,Fy
diamur,Fy
kgxfyz,Fy
jtqwqs,Ot
oxnnbt,Fr
ryzbuh,Fr
qxrcoz,Fy
tpbbav,Fy
crgvqo,Ot
zuzxyb,Fy
nvflsc,Ot
caguqg,St
pngwwm,Ot
zvgomo,Ot
bxsqkf,Fy
hwkqsb,Ot
hgwftg,Fr
aivgnx,Fy
kncxxz,Fy
blrsfv,Fr
tifloq,Fr
zncyfd,Ot
cmgyru,Ot
hysqwg,Ot
umosbn,Fr
tlrdly,Ot
shhalh,Ot
dmjeiu,Fy
cblrrj,Fy
uhztuz,Fr
orgtun,Fr
lmtjzw,Fr
kwhrci,Ot
wbbvgd,Fy
gnvmuh,Fy
zvypnf,Fy
gycgsl,Fr
wfxqhx,Ot
gpvbtv,Fr
jszvph,Fr
wgvzpn,Ot
vdtezc,Fr
ilgbsc,Ot
pgdcnr,Fy
xcikjg,Fr
qngoty,Fr
gbcsac,Fy
xzavzv,Ot
levtmi,Ot
lgjoay,Fr
pxtamd,Sp
aibbqq,Fy
vlxmzp,Fr
iioiaj,Ot
kluycb,Fr
cejsxi,Sp
zilrvz,Ot
dyqjiv,Fy
unqdqb,Fr
bxugib,Fr
ehwtrb,Fr
bwqggz,Fr
rbbesl,Ot
fsxgsb,Ot
lhmmfk,Fy
rplyof,Fr
hdulry,Ht
viavcf,Fr
edsofq,Fy
vnjmik,Fy
cxosbz,Fy
gfphyj,Ht
xhkxdo,Fr
pfgejr,Fy
jzwpuc,Fr
swufse,Fy
vptnmd,Ht
xgvzef,Fy
czeitu,Ot
otjsrj,Fr
tkpflo,Fr
ixgjjj,Fr
xswhlf,Ot
jrxmpd,Fr
jljmlt,Fr
ngxstv,Ot
xclwgw,Ot
xnsqka,Ot
xnfurg,Fr
bpweib,Fr
ssedaz,Fr
lajyjc,Ot
xgmiki,Ot
yvvcep,Fr
cbofrn,Fy
aeztfe,Ot
jodryz,Ot
cjigsp,Fy
bprcrl,Fy
jtyrsu,Ot
ryulxb,Fr
zepvan,Fr
xkumvq,Fr
gjstxj,Ot
romhff,Fr
lchmgi,Fy
zoimfp,Ot
pmczcg,Ot
qtdyrx,Fr
pcbema,Ht
mwgurr,Fy
cftvtz,Ot
jdfvtm,St
snrfof,Fr
coeesp,Ot
zrywyi,Fy
jmbiwo,Ot
dkujjf,Ot
ypjluf,Ot
lnbnxy,Fr
qqlldq,Fy
uwjcqg,Fy
ehzhpy,Ot
ydlskz,Fr
lwjmwi,Fr
kvenkl,Ot
roztjw,Ot
yedsjb,Fy
kmofoq,Ht
gtafqn,Fy
jkrhhl,Fy
rlzqmk,Ot
mmeuze,Fr
coefud,Ot
rufaey,Fr
tzrosa,Fy
exhssi,Ot
jfhafg,Fy
wdlhuy,Fy
lclhlt,Fr
mhfrgi,Ot
bsqjji,Fr
yicgqj,Fr
wocjev,Ot
qasuvr,Ot
rzscon,Fr
jvccox,Ot
snwtfc,St
tiebeh,Fr
baoezu,Fy
ourfkk,Fr
rfioun,Fr
hguaku,Fr
cuvwik,Ot
weguxt,Ot
oikjls,Ot
axhrxp,Ot
nkkqrb,Ot
qjhkpo,Fr
yfyyia,Fy
qcbfxy,Fr
pfesca,Fy
dfsqsk,Ot
mogxae,Fr
uesimu,Fy
bduzxm,Fr
rdfcug,Fr
qcxrqj,Fr
zmufel,Ot
hmmfkf,Ot
mlevnd,Ot
gezmzn,Fr
mxpzmr,Fy
nwolaw,Fr
iwevyh,Fr
iufkjn,Ot
ctbdhi,Ot
vdxajq,Ot
yaanmh,St
midjon,Ot
hsxujk,Fr
afdyfe,Ot
bsuonl,Fr
faabnn,Fy
zqazfv,Ot
etofdk,Fy
bwshzf,Ot
fxyzyo,Ot
marebj,Fr
uzookn,Ot
ajbqzf,Fr
wdwnrr,Fy
libgnu,Ot
deciib,Fy
ggehyf,Fy
nzkfxm,Fy
uorcux,Fy
htpnfl,Ot
bdbmhe,Ot
yzixyv,Fr
jzlrmv,Fr
vetajp,Sp
dyrqwr,Ot
yoftbe,Fy
wdyman,Ot
bojoom,Fr
bbrlig,Fr
xglnbk,Fy
vyudjs,Fr
xekqvo,Ot
zbddnx,Ot
lvvmgi,Fr
uyagdx,Fr
qshrif,Ot
djnhll,Fr
azfete,Sp
kjmvzl,Fy
yayyta,Fr
biqtqu,Fy
vaezyc,Fr
mmtguu,Ot
mhtoby,Fr
qqhdha,Ot
vhyymx,Fy
ydsrvr,Ot
gvzour,Fy
epyonm,Fy
fxxiqq,Fy
phdcoi,Fr
pwbfos,Fr
fkekbk,Fy
cgilns,Ot
jrybup,Ot
tljctc,Fy
iaduis,Ot
dinrcu,Fy
koaudb,Sp
fbmjsc,Fr
ggqcsr,Fy
lihtcl,Fy
xckfhp,Fr
bxqgth,Ot
bchtrh,Ot
cdggkc,Fy
kjlpjn,Ot
qzrdvu,Ot
curzuk,Fr
hnazhr,Fr
hwphrf,Fy
bbgfja,Fy
fpcedu,Fy
weehxk,Fy
pujreo,Fr
iyvdhc,Ot
nwfxuk,Ot
mzbnqj,Fy
dzopsb,Fr
hesxlr,Ot
cdfsjb,Fr
fqskdz,Fr
oglgmz,Ot
dxibmw,Fr
tpyedq,Fr
pjxipr,Fy
idjzhp,Ot
yrfiva,Fr
xlkvcf,Ot
cpqypo,Fy
gerozy,Fy
jwctyo,Fr
brlmvi,Fr
qkhyxb,Fr
faxccp,Fy
zyrbby,Fr
hxjldx,Fr
xbbwze,Sp
mnkotw,Fy
wldpdb,Ot
txcejl,Fy
nqiezc,Ot
hodxne,Ot
gxplcl,Fr
iucvmm,Fy
rttdkb,Fr
emovjr,Sp
tqeuul,Ot
wlqqkg,Fr
ezecnj,Ot
shbwgj,St
lituok,Fr
dwbrnt,Fr
qnfixe,Fy
rknaay,Fy
dxmewg,Fr
xbppgz,Fy
ssdkbw,Ot
zzdmrw,Ht
sbmgbz,Fr
pqgaxd,Ot
zoewgu,Sp
iorovo,Ot
epckrn,Ot
kisyxa,Fy
nsmxzw,Fr
tsanpz,Fr
pvovhq,Fr
jdmigj,Fr
ynypfy,Fy
jxqjxk,Fr
uuwwnd,Fr
zjbjyd,Fr
rnuxef,Ot
wtbkqy,Ot
rifqul,Fr
sjwrlb,Ot
hjdmtg,Ot
ygcsnd,Fr
mhnkxy,St
meewpj,Ot
jecvsi,Ht
czrtlc,Ot
ddlzjw,Ot
cpzuog,Fy
ixjtvz,Fy
nhqhye,Ot
viifaq,Ot
uottza,St
pzxzfz,Ot
bolgew,Ot
tgoyvk,Ht
evuobw,Fr
wknerd,Fy
dozpkd,Ot
kshwez,Ht
cwghrc,Fy
zauegx,Ot
ffzdko,St
nkpfnr,Ot
xlbanz,Ot
iuzblv,Fy
bvabql,Fr
pyoobd,St
twumwz,Fr
rawfno,Ot
aluvro,Ot
kcgrzg,Ot
rjflhz,Ot
jahbkr,Ot
twcvbo,Fr
torhgl,Fr
pnctsk,Ot
pkkzdx,Ot
jwhcoa,Fr
mozlro,Ot
oodgqq,Fy
routno,Ot
sushae,Fy
jqkayv,Fy
lnibxk,Fr
ojcfym,Fr
xclaun,Fy
iaojve,Ot
lbjfav,St
entjxg,Fr
flmlmn,Ot
hluqot,Fy
vdvarc,Fy
fpmjmi,Ot
dijqta,Fy
ixtjgv,Fy
uwyzvz,Ht
bpajhj,Sp
zhyybf,Fr
kdvpsb,Fy
pzjtep,Ot
grhujs,Fr
uyqfem,Fr
veyblw,Fy
vgcsie,Fr
tplbxp,Ot
hscinh,Ot
cfrldb,St
rzboxc,Fr
sdzrzk,Fr
jmjlxc,Ot
cjdtip,Ot
bpqibg,Ot
juiksw,Sp
luqyqb,Fr
pfymqg,Fr
onwcvo,Ot
ayguxc,St
mlswkc,Fy
xcywhj,Fy
wfsmoq,Ot
tofnng,Ot
yvejqs,Sp
wstabz,Fr
ggjvad,Fr
maahpe,Ot
wddret,Fr
xtcyjv,Ot
dqgpai,Fy
tjfpuk,Ot
wweruh,Ot
wvfeao,Fr
zzpzbk,Fr
uddfju,Fy
mczxsb,Ht
oqpwvk,Fy
zwhegu,Ot
aioymn,Sp
swbosb,Fr
yvyiom,Ot
gzinti,Fr
edmxim,Ot
rvewkz,Fy
rjtwgh,Ot
mkahsw,Fy
uzenlp,Fy
ltrycm,Ot
tyfugn,Fr
nvomax,Fy
xdlwcq,Fy
zueduy,Ot
gdpfft,Fr
bqlyqp,Fr
rqzxvk,Ot
ludneh,Fr
vjomqw,Ht
gfwkql,Ot
ldwtxl,Fy
xmxlpb,Fr
xqhxmj,Ot
dtxnnv,Ot
xpelpk,Fr
ombzcn,Fr
cogikj,Fy
ivwphl,Ot
szscdn,Ot
fesxjh,Sp
xfxmqi,Ot
yowmga,Fr
sywonl,Ot
ptunvb,Fy
cluwdi,Fy
yxqpjw,Ot
vcalrq,Fr
scgmqd,Fy
bwqaju,Ot
ksqtbr,Fr
plavui,Ot
vuyegz,Ot
giqtyk,Ot
ywqpkk,Fy
qnovus,Fy
ilzcdj,St
hjazcf,Ot
qltrgz,Ot
vcctrx,Sp
yvpzhg,Ot
syohwz,Ot
yejith,Ot
isxntb,Fr
uiiwpd,Ht
ineegq,Ot
moettl,Ot
ivfgfl,Fr
irvrnc,Ot
mcnrbx,Fr
hxmhza,Fr
lmeqhp,Fy
dyiutp,Fr
ifbfdm,Ot
mmmsfz,Fy
uvicjt,Fr
oivbdq,Ot
rfsqdo,Fr
hmddav,Fy
rvqbmv,Fr
jbfjaw,Fr
dnnawo,Fy
ykaceg,Ot
izuomn,Fr
immruz,Ot
ujvmzm,Fr
dywpgr,Sp
ejxpaq,Fy
pbwbry,Ot
jgdmcu,Fy
lucwnb,Fy
wvczuw,Fy
vpvpfd,Fr
hztbxx,Ot
hvomai,Ht
pxzzvn,Ot
vbjdfn,Fr
cdoekr,Ot
enldjf,Fr
qyrmek,Fr
pbffng,Fr
ahgcww,Fy
doovei,Fy
yspgbh,Fr
aaqpgz,Ot
uknqyj,Fr
ytlebr,Ot
uvdenq,Ot
purnxv,Fy
picoxi,Fr
wqchtu,Fy
ktwiuc,Fr
rzvqpk,Fr
nthaqz,Ot
mhnrxu,St
ewrmop,Fr
txbile,Ot
nbvnko,Ot
yjfflm,Fr
viyggo,Fr
zfsfsr,Ot
ddbtaj,Ot
lxetqb,Fr
sckjnv,Ot
jaicts,Fr
sllkdn,Ot
taehle,Fr
fknwht,Ot
soljdz,Ot
xgqhia,Ot
setjnm,Fy
wyyzbz,Fr
edhgms,Fy
ecezjc,St
skprvs,Fr
rugmlp,Fy
gasbhj,Sp
tizrng,Fr
lwmgnr,Fy
sjdttm,Fr
vkarsv,Fr
airmmt,Ot
sjwxtb,Ot
peukyh,Ot
mukypb,Ot
hompuy,Ot
rrbeog,Fr
bhfpqw,Fr
ohhcev,Fr
zgrsqh,Ht
quilpe,Fy
kqwqmt,Ot
tspmkj,Fr
gytoet,Fr
yvdeye,Fr
tmabeq,Fy
riqwrr,Ot
atylnh,Ot
wcdsld,Fr
gjlxsn,Fy
fybfjb,Fr
xdpghq,Fy
ezpdqa,Fy
vulbhh,Fr
jwkteg,Fr
ucxola,Ot
fzdwob,Ot
gjtgxf,Fr
zglrly,Ot
gjfoxp,Fy
qhexqw,Fr
wptian,Fr
faiqnx,Fy
zftdgx,Fr
yosmcm,Ot
npcopj,Fy
nawlqu,Ot
vudbky,Ot
jzdozm,Ot
wicutp,Ot
ecjope,Ot
ctfdle,Ht
gxudbd,Fy
gafbtl,Ot
xatdtk,Ot
afjfes,Ot
ccdevl,Fy
wiwrua,Ot
bwrcwe,Fy
zdqase,Fr
cyhfuf,Fy
bqjaqd,Ot
mlhcsj,Ot
pmwwif,Fy
ymilaj,Ot
vctlbv,Fr
pfepll,St
bbhdnn,Ht
kclwlt,Fr
fdpngk,Sp
nyzjoa,Ot
mvcdav,Fr
jcalop,Ot
stoqfw,Fr
lwxjwo,Fr
vltaej,Ot
gfpocu,Ot
azkxac,Fy
qgwcvx,Ot
kegeya,Fr
fnmqcb,Fy
lvvgux,Fr
zliovs,Fy
lyramn,Ot
bxjixz,Fy
efegoa,Fr
hgjxzh,Ot
lftbrn,Fy
nllwvc,Fr
aguulu,Ot
vunzjo,Fr
sydhrm,Ot
kvtqne,St
mqvrms,Fy
xplmvq,Fy
rnnaqj,Ot
spyqqx,Fr
cpkbxu,Ot
qnpzbd,Fr
qdpfzj,Fr
iutoor,Fr
pxqctk,Fy
kjauus,Fy
kxueaq,Ot
slyqpt,Fy
uqwxlq,Ot
egnopa,Ot
kxiurp,Ot
ulahnw,Fy
ikfqag,Fy
xvbsvm,Fy
mddbft,Fy
crvgek,Fr
tncqqs,Ot
jlzumr,Ot
myknel,Sp
smuqrf,Fy
lalhad,Ot
fjgnyn,St
darzxm,Fr
ulldpi,Fr
fsdfyh,Fr
xsedrw,St
edxqvk,Fr
oieqme,Ot
iobihi,Sp
efctzh,Fr
fwvrhw,Fy
sizhgj,Fr
riehcp,Fy
lxvath,Ot
gmehpg,Ot
gsemkr,Fr
nnhpxz,Fy
umflih,Fr
ljmuii,Sp
bazzrc,Ot
lfwhqb,Ot
ojnmvi,Fy
nwixye,Fy
cklwhl,Fr
locldd,Ot
rdmjmz,Fr
zhnami,Fy
gslzam,Ot
dqveye,Fy
lpkvak,Fy
fsltod,Ot
skgrwf,Fr
jzdtiy,Ot
jgmaig,Fy
xbfqus,Fy
ytyrob,Fr
kujqwy,Ot
aizpvl,Ot
cyswgz,Ot
duowvl,Ot
kkwidl,Fr
yjtqzc,Ot
euuktk,Ot
qisbzn,Fr
psqrlk,Fy
vgvakm,Ot
qzrine,Ot
kudcpt,Fr
uqidxa,Ot
ewafar,Ot
hesprq,Ot
pazwvq,Fr
tjthrg,Ot
sfvgaf,Fy
haoxgm,Sp
itzziv,Fy
rkfdic,Ot
vdnrbx,Fr
lthlpw,Fr
dmrcad,Fy
ikflsu,Fr
klnplh,Ot
upxyxb,Fy
uvchzr,Fy
oirsgu,Ot
dpbbus,Ot
rfnqzz,Fr
gbxapa,Ot
ckppaa,Fr
woafmb,Fy
kdxdqo,St
fbwxbg,Fy
dswney,Fr
syjjqw,Ot
ommjjn,Fr
nntqvw,Ot
zyoxuh,Ot
ugjuaq,Fy
rhmqbt,Ot
yqmqik,Ot
estbmi,Ot
ljmbwn,Fr
zdtgbc,Ot
njnmoh,Fr
gwykvp,Fy
gxnzzi,Ht
dsvsic,Ot
trrulc,Fy
lgqlqa,Fr
eezcxk,Fr
lkyvhv,Ot
toppld,Ot
nspvie,Fy
wguogh,Fy
kjulcg,Fy
gvvqna,Sp
gaxuxd,Ot
gmmyoo,Fr
yhhrwp,Ot
ckedms,Fy
pxcdlo,Fy
mfebio,Ot
vyvaxd,Fr
bfqrkd,Fy
emzmwx,Ot
woybkj,Ot
ncqzsj,St
ukahss,Fy
cvmqbf,Ot
bjemjf,Fr
hrzipk,Ot
cpvfup,Ot
qrslnx,Ot
myxgkl,Fr
vaqjto,Fy
sfeixf,St
hzphym,Fy
jiwifw,Fr
qtpkvd,Fy
lyaixi,Ht
buynzi,Fy
arqacm,Fy
snlyog,Fr
hjmxbg,Fy
vnkqen,Ot
qfwwcs,Ot
cyognq,Fr
romzwe,Fr
xsnjtu,Fy
hrfaic,Ot
wdmkuy,Ot
jndvsp,Fy
aeounm,Fy
jenatt,Ot
zwvkuj,Fy
eqhyuw,Fr
pounja,Ot
guyyhu,Fr
nhhoii,Ot
ktwwmf,Fr
xfhedf,Fy
nqreuq,Fy
nwqwaw,Ot
odrwcx,Fr
hfhxwv,Ot
comorv,Fr
ljwhis,Ot
jwneah,Ot
qnjjsa,Fy
gcbaew,Ot
xmbibw,Fy
iysity,Fr
tlctne,Fr
fjmfwe,Ot
cdpaxq,Fr
aftrdd,Ot
pffrmc,St
dfrdrq,Fr
ftvcqp,Fr
hsojjw,Ot
cxpxjt,Fr
rjljsc,Fr
pywydp,Ot
zumyok,Ot
ewbzzs,Fr
jnjvuh,Ot
ytlcxu,Fy
airkef,Fy
gnkald,Fr
jkedgm,Fr
yoxxuy,Fr
rtudqw,St
dkmsaq,Ot
cuycul,Fr
jhbnvi,Ot
iodzxu,Fr
phovnz,Ot
lmsmzd,Fr
pobqfe,Fy
mzlkft,Fy
ljkpjd,Fy
vjeajx,Fy
kenscb,Ot
glhbcw,Sp
aumplj,Sp
mlbpyz,Ot
rwuonf,Ot
ppoclk,Sp
abvvcs,Fr
reotbq,Fy
iunpbx,Fr
xdmihf,Fr
mjvlfw,Fy
vkujiy,Fy
vqeiqi,Fy
gdxfhh,Ot
ymvocv,Fy
cpfifr,Fr
kgnzhi,Fy
gzreda,Fr
cmwwfb,Fr
ptixpn,Ot
qxdweq,St
eacabc,Ot
nknlaz,Fr
eyzfbh,Fy
ivattn,Ot
nepvlt,Ot
nculvg,Ot
kkpopu,Ht
hvqhim,Ot
ibomhw,Fr
wsorwk,Fy
dbioex,Fy
xiirco,Sp
bzxxug,Ot
happdo,Fr
vdkngt,Fy
kncchy,Fy
lisnim,Fy
ijlywl,Ot
jkpwbo,Fr
cowlei,Fy
zedgdd,St
rbtndl,Ot
jghkjy,Ot
ejzfml,Ot
xswrxt,Ot
pqedun,Fr
rvoatv,Ot
bervow,Fy
sukuqk,Fy
dtdkrr,Fy
nnigss,Fr
ngryox,Ot
tncuek,Fr
vocvar,Ot
shddfs,St
umudmi,Ot
owddvq,Ot
artcec,Fy
dyyedm,Ot
vunwth,Fr
osmnwg,Fr
girbax,Fr
onebrp,Fy
uducfh,Fy
xmtqvw,Fy
fazimu,Ot
zdoxgs,Ot
gmpnjp,Fy
jgnhck,St
gvrhsv,Fr
awpsaz,Ot
vngcfj,Fr
ihziyh,Fr
rhyety,Fr
pfmtzj,Fy
aauppa,Ot
adjbcx,Fy
eojphg,Ot
nqameq,Sp
qlbikl,Ot
hvycle,Fy
uvqjuv,Fr
gebyef,Ot
prbaqn,Ot
aetcbq,Ot
ovrnbx,Fr
lqoilc,St
dmxrfx,Ot
glpcgf,Fy
qnfhlw,Fy
bpaxqd,Fr
ukcens,Fy
bgdznn,Fr
gkekrz,Fr
rkzpjs,Ot
xunznf,Ot
tnmdhe,Fy
evluna,Fy
iwthxs,St
askuvb,Fy
lmvcwh,Ot
xcfvqk,Fr
zitygf,Fy
yvhilv,Fr
qlvspx,Ot
bkoemt,Fr
orwgpy,Fy
bqaxcv,Ot
zxldox,Ot
ljhglt,Ot
dpcnxy,Fr
fuvwdl,Fy
xcpkpl,Fr
xrzcwx,Ot
ldldvb,Fy
ncfnpy,Ot
loqjid,Fr
sbugqr,Ot
pjwhjj,Fr
bqfmgm,Fy
eacfeq,Fr
cesyzq,Fr
laowgz,Fr
mbjkrf,Fr
uqsmya,Ot
pvshpw,Fy
togomh,Ot
dmtihq,Fr
waovez,Ot
yhrodd,Ot
hyrsqr,Fy
ibhvna,Ot
wyscsu,Fy
pkgzdt,Fy
amiosa,Ot
ynsbju,Ot
zehbmo,St
qswyce,Fy
fkdzgq,Fr
djfvnl,Fy
tcesoj,Ot
biksiy,Fy
hlbxqo,Fy
ixgryn,Ot
usixtz,Ot
ciggyh,Fy
erlrkl,Ot
goynkf,St
ngycjl,Fr
bnhusz,Fr
braise,Ot
qyybok,Fy
msqwtu,Fr
kjogis,Ot
tcjyua,Ot
pisbbo,Fy
gyvcgk,Ot
sradtc,Fy
ueefas,Fy
awhmso,Fr
nytjdo,Fy
etxvfh,Fr
jcakze,Ot
ivabvu,St
zlmcjv,Fr
npijuw,Ot
pqgocw,Fr
qmjafq,Ot
cuntku,Fy
wjoyzm,Fr
twaqap,Fr
luybuk,Ot
qlpmgk,Fy
takbhu,Fr
sulotj,Ot
harenb,Ot
rsfrqq,Ot
dahixo,Ot
oxufna,Ot
vpjlaq,Ot
wvhxbx,Ot
fjjqqq,Ht
kpfajd,Fy
cpstcp,Fr
lplkjk,St
xfbfqf,Fr
usepmx,Fy
rwlgjs,St
tycqtr,Fr
gphyvt,Fy
cruxqo,Fr
igqfld,Sp
hvfpyq,Fy
pstxid,Fr
ckfflr,Ot
zxtlnm,Ot
ouhxwi,Fr
ndhlae,Fr
kveegv,Ot
uvrcxc,Ot
iplwqb,Fy
kaccby,Ot
sbqamh,Sp
tjmvtr,Fy
qpafau,Ot
hdarag,Fr
rbmydd,Ot
onfsef,Ot
iflziv,Fr
ingrln,Ot
eqvjom,Ot
cfakvr,Fr
cscxet,Fy
ttsfag,Fy
edlzxl,Fy
btobfh,Ot
yonugt,Ot
kylwgw,Ot
fpfmrn,Ot
rzapfr,Fy
waujgk,Fy
olwpbb,Ot
slovuy,Ot
htmccx,Ht
zbpmpb,Ht
nolyws,Fy
szhiwy,Fy
lxpymj,Fy
ispquh,Fy
lsxyun,Ot
fcsnkp,Ot
dtalwd,Fr
hrxiyn,Ot
kvcqja,Ot
ohlsgi,Ot
dxkdkq,Ot
jzhves,Fy
vsqlyu,Fr
ltrgrv,Ot
shkmvy,Fr
veebqa,Ot
wofhyq,Fy
xratos,Ot
maqwvy,Ot
opfgsd,Fy
lhwcdq,Ot
xnouww,Fy
wcohcz,Fy
plzlfn,Ot
ppswrf,Ot
yneegr,Fr
tcvkzk,Fr
ebddep,Fy
zzykrk,Ot
qjtlzv,Ot
onbrdr,Ot
odtcbs,Ot
opfhue,Ht
hpsway,Fr
qeaoeo,Ot
blovxc,Fy
ckrewi,Fr
wwtsjs,Ot
eobmdm,Ot
higmlp,Fy
btgzjk,Sp
pnmxgp,Fr
lotldz,Fr
oedxzv,Ot
joalzw,Ot
oibvem,Ot
trsmpd,Fr
hpseht,Fy
lercur,Fr
ljyqrl,Ot
dteyow,Fr
ibphpn,Ot
wlmsmq,Fy
cesxqf,Fy
yhmwwe,Ot
percjw,Ot
eurdja,Ot
ftzptf,Fy
eyyibb,Fy
batnsn,Fr
yzejrr,Fy
lcrlxl,Fr
skuvoh,Fr
pcwwwk,Ot
zjagip,Fr
mczxky,Ot
fzfdlc,Sp
qlbilr,Fy
cabuvw,Fr
abeomr,Ot
vbnjzm,Fy
feornf,St
sgeyac,Ht
hrsjgo,Ot
vmunem,Fr
drfqif,Fr
zpgbqr,Fy
ybsqhi,Fr
rtpvon,Fy
perlox,Ot
vtqlqx,Fy
gzllll,Ot
bojcps,Fr
ylscux,Fy
vrtsgh,Fr
rwzsax,Ot
yhflfp,Ot
dynpwn,Ot
fkxvig,Ot
ypguhe,Fr
gymmbx,Ot
mavvnk,Ot
fdfhiw,Sp
yzzszw,Ot
gkfewg,Ot
ogtdod,Ot
uhthes,Ot
npuiei,Ot
fjosqa,Fr
mbrwnr,Fy
zijzfz,Fr
qxpxva,Fy
wvapyy,Ot
xmnhxy,Fy
iedwzp,Fr
gpltef,Ot
pshxku,Fr
gccfov,Fy
tadnkj,Fy
usfywk,Fr
czblpz,Fr
mavguj,Fy
wplpaw,Ot
oezavj,Fy
ikaqtx,Fy
angihc,Ot
bmgdqx,Fy
vreyvb,Fy
godeby,Fy
rmrxbe,Fr
tqdpia,Fr
mywxxc,Ot
atwuzl,Fy
xsewvo,Fr
mcajvn,Fy
dvzzdo,Fr
lzrrym,Fy
dylgdc,Ot
cbdwpf,Ot
zejpby,Fy
yqpbev,Fr
kcyfmw,Fy
wguaaa,Fy
lkqtuy,Ot
kztnys,Fr
rgbrwu,Ot
kknvxw,Ot
diuctb,Fy
qlfajn,Fy
eeaivt,Fy
zdnnyh,St
wuwyje,Fy
jicllp,Fy
qmxqvt,Ot
zxvpax,Ot
sttidi,Fr
fqctji,Fr
uqezrp,Ot
quygwn,Ot
udnedv,Ot
hvfhph,Ot
ttblrb,Fy
wnawix,Ot
yadtyb,Fy
imvnxw,Fr
hcxeam,Fy
oglhnx,Fr
rqxuyq,Fy
klrttk,Fy
irvwdk,Ot
fmowtp,Fr
umzbpe,Ot
gmlvra,Fr
rohjtb,Fy
wthfpq,Fy
fbwbae,Fr
aqunbc,Fy
hchsmf,Fr
dlbiix,Fr
vcxbpt,Fy
qjncaa,Ot
keuvkw,Ot
cntbcl,Fr
chgbgo,St
vfcavr,Ot
atjthu,Sp
jyhxsn,Ot
tuwusd,Fy
jlupxc,Fr
yecwnm,Fy
oiposj,Ot
dudzeq,Fr
vdgnme,Ot
azgzid,Fy
aqtwnu,Ot
idkxnn,Fy
stprlp,Fr
fkjepb,Ot
azixzz,Ot
zlhuvo,Fy
hqnjpr,Sp
cjgyka,Fy
mvxhqa,Fy
fygpmg,Fy
zzapul,Fr
kagadi,St
ddgmpr,Ot
eowxni,Ot
xliwkt,Fy
qolpun,Fy
rmzrsy,Fr
alobxr,Fy
nvnxtu,Sp
nzsbpw,Fy
mreepj,Fy
sjhife,Fr
nuiwzn,Fr
eytnnh,Fr
wywdyn,Ot
eukgxy,Fr
tchrfi,Fr
zbpanb,Ot
rnxfpj,St
wnyryq,Fy
tqmjdm,Fy
glulac,Fr
afyglm,Fy
zobjlw,Fr
vagzjq,Fr
uxozdy,Ot
clwtzn,Ot
jtqmmt,Fy
zxboht,Fy
feqqsz,Fy
fgsbgu,Fr
mziifz,Fy
rdijwb,Fy
uommed,Sp
uxvzom,Ot
pbggem,Ot
edixpz,Fr
rykglr,Fr
rwhheq,Fy
tqvpgz,Fy
ofcvng,Ot
fopzws,Fy
hckzqe,Ot
syxdnv,Fr
ubebkc,Fy
bbqfxg,Ht
xtdsqu,Fr
tbrmxu,Ot
kqxwqa,Ot
kudeun,Ot
jncwck,Ot
aqlmuy,Fr
vafsaa,Fr
lgrish,Fy
pseuaw,Ot
yacxvi,Fy
gskbni,Fr
kctsnz,Fy
eiwrqr,Sp
hvwqsd,Ht
ynolzb,Fr
otpjnu,Ot
wuqoeb,Ht
sknfzd,Fr
zxsphp,Fy
thryur,Fy
ncwnmf,Fy
uapaxp,Fr
ucwyzl,Fr
kqnpsq,Ot
lmpttt,Ot
jhlhsp,Fy
pkcbyb,Ot
pbxrjv,Ot
mkppsu,Ot
toaaff,Ot
elcifp,Ot
oujnag,Ot
ndstlm,Ot
kkdacn,Ot
vhfwkh,Fr
aqiguq,Ot
ogylnz,Ot
ktovbx,Ot
hblhix,Ot
ywjymg,Fr
wpmsof,Fr
wdtsyn,Fy
skomzq,St
eovutk,Fr
lnzhlm,Ot
ndykfw,Fr
xmvuki,Ot
olbogs,St
gicdxt,Fy
jdlwcf,Fy
qgaati,St
zxicrc,Ot
lazyzo,Fr
fyqtio,Fr
wyndlv,Ot
emlggw,Fr
whruwv,Fr
jsbuzg,Ot
mygniq,Fr
ezwhsu,Ot
hwlhcq,Ot
mgnbdf,Fy
mmuqqy,St
oeacys,Ot
epzthm,Ot
opcajk,Fr
vvzqln,Ot
roctjw,Fy
udirqi,Ot
hidcvp,Fy
wevlow,Fr
cooryj,Fy
omiene,Fr
qfkxwy,Fy
dgcaxm,Fr
zbjzzr,Fy
pdmllw,Ot
uozmry,Fy
skxuoo,Ot
mhsfii,Ot
cmqpbk,Ot
uhytrk,Fr
sckmfc,Fy
acfoqw,Fy
iqvinp,Fr
zstxsj,Fr
xvcdhf,Fr
heqigw,Fr
jbijna,Fy
hvcgve,Sp
suskkv,Ot
fckxlp,Ot
rrfbhi,Ot
cujyww,Ot
umjzkd,Fr
ijfpru,St
agapzb,Fy
iixqwo,Fy
wcwwlu,Fr
rrtzns,Ot
ktfblb,Fy
mymiwx,Fy
czijma,Ot
qwresz,Fy
qvifjh,Ot
jjkuzh,Fy
zwxysz,Fr
uogezn,Sp
petxtc,Fr
akqppy,Fr
rcmnjk,Ot
qlmopr,Fy
wigxiu,Fr
zjoaml,Ot
onissy,Fy
ybvhsm,Ot
kkjqca,Fr
drjvkd,Fr
gmnpbc,Fr
lrzjje,Ot
eopqrr,Ot
raqpwm,Fy
wqumkj,Fr
lhpopz,Ot
idcfzj,Fr
spzpyg,Ot
zpdlmb,Fy
bflyes,Ot
rhmqor,Fy
xwprdq,Fr
uucbdn,Ot
nhbamr,Fr
bunneq,Ot
kxxptr,Fr
bbktew,Ot
dwvlmg,Ot
pnhzgn,Fr
qpsubj,Fy
iuesdh,Ot
tvxvlk,Fr
fzzqaf,St
ctqmea,Fr
ueohnd,Ot
trzxgk,Fr
tvspak,Ot
xtmvtx,Ot
dvucxa,Fy
igzekb,Ot
vuhaei,Ot
bgowpw,Fr
ffalry,Ot
wxwjik,Fr
iahfqq,Ht
neuocu,Ot
sdefhe,Ot
mzzspa,Fr
rnhada,Fr
gqtmwo,Ot
weidzc,Fr
iamneg,Sp
qxvwle,Fy
jkwxca,Fr
ckwbqr,Fy
cvhphu,Fr
raturr,Fr
wxlpxf,Fy
lqqfpe,Ot
cvygzg,Fy
rcoccc,Ot
aaoojq,Fr
omtghv,Ot
pltzic,Fy
mxdpvj,Ot
xmidnp,Fr
tfsyhe,Ot
xjpgea,Fr
ptajkn,Ot
ridrov,Fy
kvpujc,Sp
beooqu,Ot
qgxknh,Fr
gvqwrg,Fr
hpduzz,Ot
jdzzcl,Fy
dtbxsu,Ot
nqydbg,Fr
oqoxcs,St
zghynv,Fr
oybrrh,Ot
utchku,St
wdqxfb,Fr
gonjvq,Fy
xhguwk,Fy
vmqvcq,Ot
lflqss,Fy
bngbzm,Fy
ehaifm,Ot
iaablk,Fy
lcibio,Ot
vvcsrh,Fy
ngqrmz,Ot
rzrxcx,Fr
xmdvld,Ot
yznwhi,Ot
irhxfm,Ot
anedhz,Fy
zqpvhw,Fr
slmhqt,Fy
xxghja,Fr
hiegsk,St
jlyrrl,Fy
isnwqu,St
dioitp,Fr
tqwsch,Fr
thlfuu,St
onqsxf,Fr
yovzve,Ot
wlmzcm,Fr
xzbctt,Fr
rlswex,Ot
flvvro,St
udtpne,Fy
pnvcqi,Ot
uqkscr,Ot
khzmfp,Sp
wohvpc,Fr
zhttek,Fr
snklbt,Fy
ehkqmq,Ot
zfntkw,Ot
pbddut,Ot
thkppk,Fr
vkoyhv,Fr
ntxrro,Fr
osvogt,Fy
mebxhq,Fr
nplowx,Fr
bdvxsv,Fr
fckzqy,Fr
pgklnv,Ot
bctocv,Fr
vrptpa,Fr
upfoqz,Fy
ebitdy,Ot
vykzdv,Ot
xszdbx,Fy
wfafez,Fr
dbhrsq,Fy
nsytkl,Ot
yrbakm,Ot
isamyi,Fy
nqbvzl,Ot
adwspf,Ot
cbgxup,Ot
ychvjm,Fr
wmyeud,Fr
aflzxx,Ot
qpaklx,Fr
nqlrox,Ot
qawrgh,Fr
muudji,Ot
egohqn,Fr
zeyahg,Fr
uawzyq,St
bvobet,Fr
ftpuly,Ot
jactev,Ot
rjkzoa,Ot
yxukpd,Fy
vnaryh,Fy
btlwxj,Ot
rasqpi,Ot
eipnvx,Ot
fgfymo,Fy
xphylg,Fr
rfyfkz,Fy
zoednc,Ot
jvbgyg,Ot
hizfrq,Ot
mjahrn,Fr
flconc,Ot
nicloo,Fr
gunmtm,Ot
rmzezr,Fy
krxflq,Fr
xvpipu,Fr
rhrrnf,Ot
fbpjup,Fr
kbuntr,Fr
pjkncx,Ot
rahwjo,Ot
sknkjj,Ot
wvdgnv,Fy
vsphxi,Fy
nnkboq,Fy
sbgifn,Fr
vqfdbr,Ot
dejbet,Ot
tsqjkj,Fr
ccwewl,Fr
baczwm,St
utcxvj,Ot
trdwqx,Ot
hqpbsy,Ot
okaers,Fr
gqoass,Fr
amupgq,Fy
ghxxvw,Ot
okfnuc,Fr
xarwaa,Ot
prxsop,Fr
thvdgl,Fy
hsdwtl,Fy
ncyikt,Fy
uxtzgd,Fy
vlufjp,Fr
cqcrft,Fr
ojxnes,Fy
hoelps,Ot
ycuyvd,Fr
axebnz,Fy
ththqd,Ot
scpspa,Fr
rchuob,Ht
jwcvkc,Ot
rauelq,Ot
euhnjq,Fr
wtcxiu,Ot
rayngt,Fy
xkuosd,Fy
fjhjlw,Fr
ztylst,Fy
qcfmjr,Fr
wutcko,Ot
ukpsdh,Fr
yeyyzi,Ot
iiwaft,Fy
xunraw,Ot
orwatq,Ot
eeuuxm,Fr
jsuqpb,Ot
pqbpgd,Fr
ztruch,Ot
amoqqw,Fy
ireevr,Ot
caktct,Fy
bdgned,Ot
pcwqat,Fr
nftusj,Ot
ahaghd,Fr
yykpss,Fy
bkudxy,Ot
vwyezs,Ot
dqojrd,Sp
aoqzmt,Sp
frbguz,Fr
sdbxhc,Ot
muadde,Fr
ccsbvx,Ot
muubjn,Ot
rpxmrg,Fr
xogjtl,Ot
bjdsdu,Ot
aqroet,Ot
dojicz,Ot
jvtqcf,Sp
ujyqem,Fr
melars,Fr
oordbg,Fy
rsxjik,Fr
trqtnr,Fr
hmhqcb,Ot
rqqefl,Fr
kmkerk,Fr
jcdjyk,Fy
lzoewk,Ot
vwndcb,Ot
gtzrlj,Fr
tsrgkq,Ot
ogibpd,Ot
vzqkfs,Ot
nejxxu,Fy
axwyma,Fr
owvttm,Fy
guuwat,Ot
tsobpk,Fy
minhzy,Fy
jgamjf,Fy
aypmpg,Fy
wrqskr,Ot
qjshzn,Fy
yswxvu,Ot
wfggxn,Fr
ygpekl,Ot
klxkws,Ht
rfurqx,Fy
suqtau,Fr
xssvkb,Fy
vuhick,Fy
qcowkf,Fr
dosruy,Fy
cymbec,Fr
nxhdmz,Ot
fxjjwz,Fy
pqhdye,Ot
kkadzm,Fy
ksbtln,Fr
gsctmi,Fr
ligeaq,Ot
nkjlvr,Ot
cpuont,Sp
wnymnf,St
ppbwhj,St
pxiusd,Ot
dvptdd,Fr
exoayk,Ot
lrnlvv,Ot
xxlurz,Ot
amyjbq,Sp
cheetm,Fy
ufxspe,Fy
fnjhhz,Fy
xshola,Fy
swqmrf,Ot
xacuse,Ot
jxghxq,Ot
vocuch,Fr
eanotd,Ot
imlrpf,Fy
nsoyqb,Fr
sshyha,Sp
gdtjgw,Fr
dtkivm,Sp
zwtyyt,Fy
spsuul,Fy
hsatno,Ot
ugkshd,Sp
jwvfwn,Fy
bncnra,Fy
gpnvqq,Ot
anvtce,Fy
dxtusk,Ot
puqyit,Fy
jcxgnm,Fr
feuhue,Ot
dxauur,Fr
busmef,Fr
fowdce,Ot
hzmuan,Fy
oiwnvv,Fy
ynkjzp,Ot
qjzbom,Ot
sgutps,Fr
imxbye,Fr
fwuykg,Fy
pziobe,Ot
cnshmk,Ot
rqyfii,Fy
jyrrdy,Ot
ysfsms,Fy
wbdxar,Fr
yjqumw,Fr
tzrusn,Ot
qydmfg,Fy
mcmqxu,Fy
efoust,Fr
lfnrac,Fr
wyryif,Fr
djyipi,Ot
gdkvyd,Fr
bkoumy,Ht
azrizl,Fr
iahmcy,Fr
eruarq,Fy
epurlp,Fy
xkeiku,Fr
ipongv,Fr
hqdbhe,Fy
nexajr,Fy
rxiody,Fr
njweef,Fr
mumkab,Fy
sjwagq,Fr
kmlisu,Ot
ndgkuy,Fr
xrleae,Ot
eismyg,Fy
drvvth,Fy
korvrq,Ht
nzqkzm,Ht
dlrfro,Ot
lubvhk,Fr
gmsbek,Fr
jqbmqo,Fy
wyyinb,Ot
vuzigw,Ot
eplyir,Fr
sxpdmc,Fy
mxpldg,Ot
gnywdd,Ot
kcatwc,Ot
memiur,Fr
gqooqw,Ot
fejbsg,Fr
xerlql,Sp
hszfef,Fr
mzgtjq,Fr
rznfmc,Ot
vbmfzl,Fr
rpjcjr,Fr
afxrqk,Ot
dcpbdm,Fy
yhvlgb,Fy
ximbcp,Ot
feyjdx,Fr
hqeimd,Fy
rskhih,Fr
bbuppy,Fr
rmzcyr,Fr
awccem,Fy
rpuscc,Fr
yubcft,Fy
nkptyb,Fr
mnratm,Fr
huztqx,Ot
xdtebt,Sp
ylkmhj,Ot
gnmhgs,Fr
pujtsv,Fr
xozsvw,Fr
oiqyys,Ot
yojhaf,Ot
gxxtwm,Fy
heivms,Fr
dnfzhp,Ot
pylqsf,Ot
qaxnse,Ot
nyyoec,Ot
crxdte,Fr
jkoukq,Fy
ztcrbk,Ot
rbkhgd,Ot
gqmilq,Ot
xtfbff,Fy
gxpvlt,Fy
svlkuq,Fy
dkyhqa,Ot
nwazft,Fr
pmvlie,St
pvoqrn,Fr
afcvfb,Ot
mdsyfp,Fy
awvdkx,Ot
zkbclf,Fr
wrltbw,Fy
rnelnf,Fr
sqqwgi,Fr
qbdngk,Ot
cvwtio,Fr
eocrtn,Fy
yztjuz,Fr
szaqbr,Ot
rcptyl,St
qstkai,Fr
vcpaqr,Fy
roklxe,Fr
caymft,Fy
xdtzmm,Fy
nnegtf,Fr
arfure,Fy
girmjv,Ot
csybyt,Ot
cbrjra,Fy
fslzkl,Fr
vqejif,Fy
vtvknb,Ot
awikgf,Fy
bstcdy,Fy
yhydpa,Fy
jhflpo,Ot
xtvqln,St
sefomt,Ot
famlka,Fy
bcezrb,Fr
ktlnov,Ot
ptxzhp,Fr
whqacm,Fr
ajartb,Fy
stgglj,Fy
falhqm,Fr
hksppc,Ot
fkygex,Ot
nwwbez,Fr
ssqupj,Ot
lqoiiu,Fy
dhdhbh,Fy
qdzlwh,Ot
fvfozs,Ot
cktifm,Fy
bhpdad,Fy
zztbgu,Fr
ziuure,Fr
amfzuo,Ot
cbwuoz,Sp
abchxw,Fr
tzonwd,Fy
dnjcdz,Fr
gqnduz,Ot
qqjylj,St
krfebs,Fy
jqestd,Ot
pljnbv,Fr
lgcsth,Fr
iqojee,Ot
ihkdgt,Fr
kiknyh,St
jttizc,Ot
knhipl,Fr
fhhaoa,Fy
ytsitv,Ot
ezmrce,Fy
bxattn,Ot
lotxtx,Fr
lenwbs,Ot
meymxj,Ot
mwnfjx,Sp
edqwkx,Fr
axnjrd,Fy
cuooyb,Ot
aqupfa,Fr
cpsufs,Ot
mfhwtt,Fr
gubumw,Fy
peiggr,Ot
ywohmi,Fy
isrred,Fr
fxpmqb,Fr
wshkqh,Fr
dpzgkl,Fr
khhtzr,Fy
wjtblg,Ht
cmkpst,Ot
gqcprj,Fy
gczuwg,Fy
gehvcq,Fy
kiwooy,Ot
frrxbe,Ot
yjaoqu,Ot
ucnslx,Fy
gqzmfd,Fr
gvposs,Fr
emmesb,Ot
furcuv,St
pajhov,Ot
hlgaoe,Fr
kygeow,Ot
amyroj,Fr
